id,title,district,metro,rooms,price,area,pets_allowed,description
1,"Отличная 2-комнатная квартира, 60 м²",Басманный,Курская,2,61000,60,1,"Стильная квартира с удобной планировкой. Рядом расположены супермаркеты, фитнес-клуб и остановки транспорта."
2,"Светлая 1-комнатная квартира, 45 м²",Щукино,Щукинская,1,32500,45,1,"Уютное жилье со свежим ремонтом и современной мебелью. Готова к заселению, идеальный вариант для комфортной жизни."
3,"Комфортная 3-комнатная квартира, 106 м²",Тверской,Маяковская,3,88000,106,0,"Уютное жилье со свежим ремонтом и современной мебелью. Готова к заселению, идеальный вариант для комфортной жизни."
4,"Современная 1-комнатная квартира, 33 м²",Отрадное,Отрадное,1,34000,33,1,"Уютное жилье со свежим ремонтом и современной мебелью. Готова к заселению, идеальный вариант для комфортной жизни."
5,"Видовая 2-комнатная квартира, 52 м²",Черёмушки,Новые Черёмушки,2,76000,52,1,Комфортная квартира с панорамным видом. Полностью укомплектована для длительного проживания.
6,"Уютная 1-комнатная квартира, 31 м²",Гагаринский,Университет,1,36500,31,1,"Просторная квартира в хорошем районе. В пешей доступности метро, парки и магазины."
7,"Просторная 3-комнатная квартира, 75 м²",Отрадное,Отрадное,3,87500,75,0,"Современная квартира в новом доме. Чистый подъезд, закрытая территория и удобная транспортная развязка."
8,"Просторная 2-комнатная квартира, 66 м²",Сокол,Сокол,2,75000,66,0,Отличная квартира в благоустроенном районе Москвы. Бытовая техника и мебель в наличии.
9,"Стильная 3-комнатная квартира, 104 м²",Сокол,Сокол,3,108000,104,1,Отличная квартира в благоустроенном районе Москвы. Бытовая техника и мебель в наличии.
10,"Видовая 2-комнатная квартира, 63 м²",Перово,Перово,2,73500,63,1,Комфортная квартира с панорамным видом. Полностью укомплектована для длительного проживания.
11,"Стильная 1-комнатная квартира, 37 м²",Тверской,Маяковская,1,53000,37,0,Комфортная квартира с панорамным видом. Полностью укомплектована для длительного проживания.
12,"Видовая 3-комнатная квартира, 92 м²",Люблино,Люблино,3,108500,92,1,"Просторная квартира в хорошем районе. В пешей доступности метро, парки и магазины."
13,"Просторная 3-комнатная квартира, 102 м²",Тверской,Маяковская,3,96000,102,0,Комфортная квартира с панорамным видом. Полностью укомплектована для длительного проживания.
14,"Уютная 3-комнатная квартира, 109 м²",Аэропорт,Динамо,3,82500,109,0,"Уютное жилье со свежим ремонтом и современной мебелью. Готова к заселению, идеальный вариант для комфортной жизни."
15,"Комфортная 3-комнатная квартира, 78 м²",Щукино,Щукинская,3,117500,78,1,"Стильная квартира с удобной планировкой. Рядом расположены супермаркеты, фитнес-клуб и остановки транспорта."
16,"Современная 3-комнатная квартира, 72 м²",Хамовники,Фрунзенская,3,106000,72,0,"Современная квартира в новом доме. Чистый подъезд, закрытая территория и удобная транспортная развязка."
17,"Светлая 1-комнатная квартира, 29 м²",Коньково,Коньково,1,50500,29,1,"Современная квартира в новом доме. Чистый подъезд, закрытая территория и удобная транспортная развязка."
18,"Уютная 1-комнатная квартира, 43 м²",Люблино,Люблино,1,60500,43,1,"Просторная квартира в хорошем районе. В пешей доступности метро, парки и магазины."
19,"Современная 2-комнатная квартира, 47 м²",Тверской,Маяковская,2,62500,47,0,"Сдается светлая квартира с качественным ремонтом и всей необходимой техникой. Тихий двор, развитая инфраструктура в шаговой доступности."
20,"Светлая 1-комнатная квартира, 34 м²",Тверской,Маяковская,1,30500,34,1,"Сдается светлая квартира с качественным ремонтом и всей необходимой техникой. Тихий двор, развитая инфраструктура в шаговой доступности."
21,"Отличная 3-комнатная квартира, 90 м²",Люблино,Люблино,3,77000,90,1,"Стильная квартира с удобной планировкой. Рядом расположены супермаркеты, фитнес-клуб и остановки транспорта."
22,"Современная 3-комнатная квартира, 94 м²",Раменки,Мичуринский проспект,3,109000,94,1,"Стильная квартира с удобной планировкой. Рядом расположены супермаркеты, фитнес-клуб и остановки транспорта."
23,"Стильная 1-комнатная квартира, 41 м²",Басманный,Курская,1,30000,41,1,Комфортная квартира с панорамным видом. Полностью укомплектована для длительного проживания.
24,"Современная 3-комнатная квартира, 71 м²",Аэропорт,Динамо,3,87000,71,0,"Стильная квартира с удобной планировкой. Рядом расположены супермаркеты, фитнес-клуб и остановки транспорта."
25,"Уютная 1-комнатная квартира, 36 м²",Аэропорт,Динамо,1,44500,36,0,Комфортная квартира с панорамным видом. Полностью укомплектована для длительного проживания.
26,"Уютная 2-комнатная квартира, 53 м²",Филёвский Парк,Багратионовская,2,76000,53,0,"Просторная квартира в хорошем районе. В пешей доступности метро, парки и магазины."
27,"Уютная 3-комнатная квартира, 106 м²",Даниловский,Автозаводская,3,116000,106,0,Комфортная квартира с панорамным видом. Полностью укомплектована для длительного проживания.
28,"Видовая 2-комнатная квартира, 56 м²",Очаково-Матвеевское,Аминьевская,2,94000,56,0,"Современная квартира в новом доме. Чистый подъезд, закрытая территория и удобная транспортная развязка."
29,"Комфортная 1-комнатная квартира, 30 м²",Отрадное,Отрадное,1,26000,30,0,"Просторная квартира в хорошем районе. В пешей доступности метро, парки и магазины."
30,"Отличная 1-комнатная квартира, 28 м²",Люблино,Люблино,1,45500,28,0,"Стильная квартира с удобной планировкой. Рядом расположены супермаркеты, фитнес-клуб и остановки транспорта."
31,"Современная 3-комнатная квартира, 93 м²",Гагаринский,Университет,3,87500,93,0,Отличная квартира в благоустроенном районе Москвы. Бытовая техника и мебель в наличии.
32,"Видовая 3-комнатная квартира, 82 м²",Очаково-Матвеевское,Аминьевская,3,79500,82,0,"Стильная квартира с удобной планировкой. Рядом расположены супермаркеты, фитнес-клуб и остановки транспорта."
33,"Стильная 3-комнатная квартира, 97 м²",Очаково-Матвеевское,Аминьевская,3,82000,97,0,Комфортная квартира с панорамным видом. Полностью укомплектована для длительного проживания.
34,"Уютная 3-комнатная квартира, 104 м²",Пресненский,Улица 1905 года,3,89500,104,1,Комфортная квартира с панорамным видом. Полностью укомплектована для длительного проживания.
35,"Светлая 2-комнатная квартира, 68 м²",Алексеевский,ВДНХ,2,73000,68,0,"Сдается светлая квартира с качественным ремонтом и всей необходимой техникой. Тихий двор, развитая инфраструктура в шаговой доступности."
36,"Просторная 2-комнатная квартира, 46 м²",Алексеевский,ВДНХ,2,87000,46,1,"Сдается светлая квартира с качественным ремонтом и всей необходимой техникой. Тихий двор, развитая инфраструктура в шаговой доступности."
37,"Просторная 1-комнатная квартира, 37 м²",Люблино,Люблино,1,31000,37,0,Комфортная квартира с панорамным видом. Полностью укомплектована для длительного проживания.
38,"Комфортная 3-комнатная квартира, 74 м²",Филёвский Парк,Багратионовская,3,86000,74,1,"Современная квартира в новом доме. Чистый подъезд, закрытая территория и удобная транспортная развязка."
39,"Светлая 1-комнатная квартира, 43 м²",Чертаново Северное,Чертановская,1,46000,43,1,Комфортная квартира с панорамным видом. Полностью укомплектована для длительного проживания.
40,"Уютная 1-комнатная квартира, 39 м²",Даниловский,Автозаводская,1,40000,39,0,"Просторная квартира в хорошем районе. В пешей доступности метро, парки и магазины."
